BRIARLAKE ELEM,M 426.5 530.5 L 426.5 542.5 L 425.5 543.5 L 413.5 543.5 L 413.5 567.5 L 424.5 567.5 L 424.5 555.5 L 425.5 554.5 L 437.5 554.5 L 437.5 530.5 z
CROSS KEYS HIGH,M 309.5 530.5 L 309.5 554.5 L 333.5 554.5 L 333.5 530.5 z
MIDVALE ROAD,M 439.5 517.5 L 439.5 554.5 L 463.5 554.5 L 463.5 517.5 z
LAKESIDE HIGH,M 400.5 517.5 L 400.5 529.5 L 399.5 530.5 L 374.5 530.5 L 374.5 541.5 L 399.5 541.5 L 400.5 542.5 L 400.5 567.5 L 411.5 567.5 L 411.5 542.5 L 412.5 541.5 L 424.5 541.5 L 424.5 530.5 L 412.5 530.5 L 411.5 529.5 L 411.5 517.5 z
BRIARWOOD,M 335.5 517.5 L 335.5 554.5 L 346.5 554.5 L 346.5 542.5 L 347.5 541.5 L 359.5 541.5 L 359.5 530.5 L 347.5 530.5 L 346.5 529.5 L 346.5 517.5 z
TUCKER,M 504.5 504.5 L 504.5 528.5 L 542.5 528.5 L 543.5 529.5 L 543.5 541.5 L 554.5 541.5 L 554.5 517.5 L 516.5 517.5 L 515.5 516.5 L 515.5 504.5 z
TUCKER LIBRARY,M 491.5 504.5 L 491.5 529.5 L 490.5 530.5 L 478.5 530.5 L 478.5 541.5 L 515.5 541.5 L 515.5 530.5 L 503.5 530.5 L 502.5 529.5 L 502.5 504.5 z
MIDVALE ELEM,M 465.5 504.5 L 465.5 554.5 L 476.5 554.5 L 476.5 529.5 L 477.5 528.5 L 489.5 528.5 L 489.5 517.5 L 477.5 517.5 L 476.5 516.5 L 476.5 504.5 z
LIVSEY ELEM,M 478.5 491.5 L 478.5 515.5 L 489.5 515.5 L 489.5 503.5 L 490.5 502.5 L 502.5 502.5 L 502.5 491.5 z
SKYLAND,M 361.5 491.5 L 361.5 503.5 L 360.5 504.5 L 348.5 504.5 L 348.5 528.5 L 359.5 528.5 L 359.5 516.5 L 360.5 515.5 L 372.5 515.5 L 372.5 491.5 z
BROOKHAVEN,M 335.5 491.5 L 335.5 503.5 L 334.5 504.5 L 309.5 504.5 L 309.5 528.5 L 333.5 528.5 L 333.5 516.5 L 334.5 515.5 L 346.5 515.5 L 346.5 503.5 L 347.5 502.5 L 359.5 502.5 L 359.5 491.5 z
EMBRY HILLS,M 452.5 478.5 L 452.5 515.5 L 463.5 515.5 L 463.5 503.5 L 464.5 502.5 L 476.5 502.5 L 476.5 491.5 L 464.5 491.5 L 463.5 490.5 L 463.5 478.5 z
HENDERSON MILL ELEM,M 426.5 478.5 L 426.5 503.5 L 425.5 504.5 L 413.5 504.5 L 413.5 528.5 L 437.5 528.5 L 437.5 478.5 z
HAWTHORNE ELEM,M 400.5 478.5 L 400.5 503.5 L 399.5 504.5 L 387.5 504.5 L 387.5 528.5 L 398.5 528.5 L 398.5 516.5 L 399.5 515.5 L 411.5 515.5 L 411.5 503.5 L 412.5 502.5 L 424.5 502.5 L 424.5 478.5 z
DRESDEN ELEM,M 387.5 478.5 L 387.5 490.5 L 386.5 491.5 L 374.5 491.5 L 374.5 516.5 L 373.5 517.5 L 361.5 517.5 L 361.5 554.5 L 372.5 554.5 L 372.5 529.5 L 373.5 528.5 L 385.5 528.5 L 385.5 503.5 L 386.5 502.5 L 398.5 502.5 L 398.5 478.5 z
EVANSDALE ELEM,M 426.5 465.5 L 426.5 476.5 L 438.5 476.5 L 439.5 477.5 L 439.5 515.5 L 450.5 515.5 L 450.5 465.5 z
ASHFORD PARK ELEM,M 361.5 465.5 L 361.5 477.5 L 360.5 478.5 L 348.5 478.5 L 348.5 489.5 L 385.5 489.5 L 385.5 465.5 z
SILVER LAKE,M 296.5 465.5 L 296.5 477.5 L 295.5 478.5 L 283.5 478.5 L 283.5 489.5 L 308.5 489.5 L 309.5 490.5 L 309.5 502.5 L 333.5 502.5 L 333.5 490.5 L 334.5 489.5 L 346.5 489.5 L 346.5 478.5 L 321.5 478.5 L 320.5 477.5 L 320.5 465.5 z
PLEASANTDALE ELEM,M 439.5 452.5 L 439.5 463.5 L 451.5 463.5 L 452.5 464.5 L 452.5 476.5 L 464.5 476.5 L 465.5 477.5 L 465.5 489.5 L 489.5 489.5 L 489.5 478.5 L 477.5 478.5 L 476.5 477.5 L 476.5 465.5 L 464.5 465.5 L 463.5 464.5 L 463.5 452.5 z
WARREN TECH,M 413.5 452.5 L 413.5 476.5 L 424.5 476.5 L 424.5 452.5 z
ASHFORD DUNWOODY RD,M 322.5 452.5 L 322.5 476.5 L 359.5 476.5 L 359.5 452.5 z
Chattahoochee 01,M 140.5 452.5 L 140.5 463.5 L 152.5 463.5 L 153.5 464.5 L 153.5 476.5 L 164.5 476.5 L 164.5 464.5 L 165.5 463.5 L 190.5 463.5 L 190.5 452.5 z
OAKCLIFF ELEM,M 426.5 439.5 L 426.5 463.5 L 437.5 463.5 L 437.5 451.5 L 438.5 450.5 L 450.5 450.5 L 450.5 439.5 z
DORAVILLE SOUTH,M 400.5 439.5 L 400.5 450.5 L 424.5 450.5 L 424.5 439.5 z
CHAMBLEE,M 374.5 439.5 L 374.5 451.5 L 373.5 452.5 L 361.5 452.5 L 361.5 463.5 L 386.5 463.5 L 387.5 464.5 L 387.5 476.5 L 411.5 476.5 L 411.5 452.5 L 399.5 452.5 L 398.5 451.5 L 398.5 439.5 z
Marietta 7A,M 140.5 439.5 L 140.5 450.5 L 151.5 450.5 L 151.5 439.5 z
ASHFORD PARKSIDE,M 335.5 426.5 L 335.5 438.5 L 334.5 439.5 L 309.5 439.5 L 309.5 451.5 L 308.5 452.5 L 296.5 452.5 L 296.5 463.5 L 320.5 463.5 L 320.5 451.5 L 321.5 450.5 L 359.5 450.5 L 359.5 439.5 L 347.5 439.5 L 346.5 438.5 L 346.5 426.5 z
SS12,M 296.5 426.5 L 296.5 438.5 L 295.5 439.5 L 283.5 439.5 L 283.5 464.5 L 282.5 465.5 L 270.5 465.5 L 270.5 476.5 L 294.5 476.5 L 294.5 451.5 L 295.5 450.5 L 307.5 450.5 L 307.5 426.5 z
SS11A,M 257.5 426.5 L 257.5 463.5 L 281.5 463.5 L 281.5 438.5 L 282.5 437.5 L 294.5 437.5 L 294.5 426.5 z
SS11B,M 231.5 426.5 L 231.5 437.5 L 255.5 437.5 L 255.5 426.5 z
DORAVILLE NORTH,M 413.5 413.5 L 413.5 425.5 L 412.5 426.5 L 400.5 426.5 L 400.5 437.5 L 437.5 437.5 L 437.5 426.5 L 425.5 426.5 L 424.5 425.5 L 424.5 413.5 z
KITTREDGE ELEM,M 348.5 413.5 L 348.5 437.5 L 360.5 437.5 L 361.5 438.5 L 361.5 450.5 L 372.5 450.5 L 372.5 413.5 z
MONTGOMERY ELEM,M 309.5 413.5 L 309.5 437.5 L 333.5 437.5 L 333.5 425.5 L 334.5 424.5 L 346.5 424.5 L 346.5 413.5 z
SS08A,M 283.5 413.5 L 283.5 424.5 L 307.5 424.5 L 307.5 413.5 z
SS07C,M 270.5 413.5 L 270.5 424.5 L 281.5 424.5 L 281.5 413.5 z
SS11C,M 257.5 413.5 L 257.5 424.5 L 268.5 424.5 L 268.5 413.5 z
SS31,M 231.5 413.5 L 231.5 424.5 L 255.5 424.5 L 255.5 413.5 z
SS16,M 192.5 413.5 L 192.5 450.5 L 203.5 450.5 L 203.5 438.5 L 204.5 437.5 L 216.5 437.5 L 216.5 413.5 z
HUNTLEY HILLS ELEM,M 374.5 400.5 L 374.5 437.5 L 398.5 437.5 L 398.5 425.5 L 399.5 424.5 L 411.5 424.5 L 411.5 413.5 L 386.5 413.5 L 385.5 412.5 L 385.5 400.5 z
SS08D,M 283.5 400.5 L 283.5 411.5 L 307.5 411.5 L 307.5 400.5 z
SS08B,M 270.5 400.5 L 270.5 411.5 L 281.5 411.5 L 281.5 400.5 z
SS07B,M 257.5 400.5 L 257.5 411.5 L 268.5 411.5 L 268.5 400.5 z
SS06,M 218.5 400.5 L 218.5 437.5 L 229.5 437.5 L 229.5 400.5 z
Sope Creek 02,M 166.5 400.5 L 166.5 412.5 L 165.5 413.5 L 153.5 413.5 L 153.5 450.5 L 190.5 450.5 L 190.5 426.5 L 178.5 426.5 L 177.5 425.5 L 177.5 400.5 z
Marietta 6A,M 153.5 400.5 L 153.5 411.5 L 164.5 411.5 L 164.5 400.5 z
CHESNUT ELEM,M 413.5 387.5 L 413.5 399.5 L 412.5 400.5 L 387.5 400.5 L 387.5 411.5 L 424.5 411.5 L 424.5 387.5 z
GEORGETOWN SQUARE,M 322.5 387.5 L 322.5 399.5 L 321.5 400.5 L 309.5 400.5 L 309.5 411.5 L 359.5 411.5 L 359.5 387.5 z
SS08C,M 283.5 387.5 L 283.5 398.5 L 294.5 398.5 L 294.5 387.5 z
SS07A,M 244.5 387.5 L 244.5 398.5 L 268.5 398.5 L 268.5 387.5 z
SS03,M 231.5 387.5 L 231.5 411.5 L 255.5 411.5 L 255.5 400.5 L 243.5 400.5 L 242.5 399.5 L 242.5 387.5 z
Sope Creek 03,M 192.5 387.5 L 192.5 399.5 L 191.5 400.5 L 179.5 400.5 L 179.5 424.5 L 190.5 424.5 L 190.5 412.5 L 191.5 411.5 L 216.5 411.5 L 216.5 387.5 z
Powers Ferry 01,M 88.5 387.5 L 88.5 398.5 L 99.5 398.5 L 99.5 387.5 z
NORTH PEACHTREE,M 387.5 374.5 L 387.5 385.5 L 399.5 385.5 L 400.5 386.5 L 400.5 398.5 L 411.5 398.5 L 411.5 374.5 z
PEACHTREE MIDDLE,M 361.5 374.5 L 361.5 411.5 L 372.5 411.5 L 372.5 399.5 L 373.5 398.5 L 398.5 398.5 L 398.5 387.5 L 386.5 387.5 L 385.5 386.5 L 385.5 374.5 z
SS05,M 218.5 374.5 L 218.5 398.5 L 229.5 398.5 L 229.5 386.5 L 230.5 385.5 L 255.5 385.5 L 255.5 374.5 z
DUNWOODY,M 309.5 361.5 L 309.5 386.5 L 308.5 387.5 L 296.5 387.5 L 296.5 398.5 L 320.5 398.5 L 320.5 386.5 L 321.5 385.5 L 346.5 385.5 L 346.5 374.5 L 321.5 374.5 L 320.5 373.5 L 320.5 361.5 z
SS02B,M 244.5 361.5 L 244.5 372.5 L 268.5 372.5 L 268.5 361.5 z
SS18A,M 231.5 361.5 L 231.5 372.5 L 242.5 372.5 L 242.5 361.5 z
Mount Bethel 04,M 179.5 361.5 L 179.5 398.5 L 190.5 398.5 L 190.5 386.5 L 191.5 385.5 L 216.5 385.5 L 216.5 361.5 z
Sope Creek 01,M 153.5 361.5 L 153.5 385.5 L 165.5 385.5 L 166.5 386.5 L 166.5 398.5 L 177.5 398.5 L 177.5 361.5 z
Eastside 02,M 114.5 361.5 L 114.5 385.5 L 126.5 385.5 L 127.5 386.5 L 127.5 398.5 L 164.5 398.5 L 164.5 387.5 L 152.5 387.5 L 151.5 386.5 L 151.5 361.5 z
TILLY MILL ROAD,M 413.5 348.5 L 413.5 360.5 L 412.5 361.5 L 400.5 361.5 L 400.5 372.5 L 424.5 372.5 L 424.5 348.5 z
DUNWOODY HIGH,M 374.5 348.5 L 374.5 360.5 L 373.5 361.5 L 361.5 361.5 L 361.5 372.5 L 398.5 372.5 L 398.5 348.5 z
MT. VERNON WEST,M 348.5 348.5 L 348.5 360.5 L 347.5 361.5 L 335.5 361.5 L 335.5 372.5 L 347.5 372.5 L 348.5 373.5 L 348.5 385.5 L 359.5 385.5 L 359.5 360.5 L 360.5 359.5 L 372.5 359.5 L 372.5 348.5 z
SS29A,M 296.5 348.5 L 296.5 373.5 L 295.5 374.5 L 283.5 374.5 L 283.5 385.5 L 307.5 385.5 L 307.5 360.5 L 308.5 359.5 L 320.5 359.5 L 320.5 348.5 z
SS04,M 283.5 348.5 L 283.5 360.5 L 282.5 361.5 L 270.5 361.5 L 270.5 373.5 L 269.5 374.5 L 257.5 374.5 L 257.5 385.5 L 269.5 385.5 L 270.5 386.5 L 270.5 398.5 L 281.5 398.5 L 281.5 373.5 L 282.5 372.5 L 294.5 372.5 L 294.5 348.5 z
SS02A,M 257.5 348.5 L 257.5 359.5 L 281.5 359.5 L 281.5 348.5 z
SS18B,M 244.5 348.5 L 244.5 359.5 L 255.5 359.5 L 255.5 348.5 z
Sewell Mill 03,M 88.5 348.5 L 88.5 373.5 L 87.5 374.5 L 75.5 374.5 L 75.5 385.5 L 112.5 385.5 L 112.5 360.5 L 113.5 359.5 L 125.5 359.5 L 125.5 348.5 z
Marietta 5A,M 75.5 348.5 L 75.5 372.5 L 86.5 372.5 L 86.5 348.5 z
Mount Bethel 03,M 218.5 335.5 L 218.5 347.5 L 217.5 348.5 L 205.5 348.5 L 205.5 359.5 L 217.5 359.5 L 218.5 360.5 L 218.5 372.5 L 229.5 372.5 L 229.5 360.5 L 230.5 359.5 L 242.5 359.5 L 242.5 347.5 L 243.5 346.5 L 255.5 346.5 L 255.5 335.5 z
WINTERS CHAPEL,M 426.5 322.5 L 426.5 359.5 L 437.5 359.5 L 437.5 322.5 z
KINGSLEY ELEM,M 400.5 322.5 L 400.5 334.5 L 399.5 335.5 L 387.5 335.5 L 387.5 346.5 L 399.5 346.5 L 400.5 347.5 L 400.5 359.5 L 411.5 359.5 L 411.5 347.5 L 412.5 346.5 L 424.5 346.5 L 424.5 322.5 z
DUNWOODY LIBRARY,M 348.5 322.5 L 348.5 334.5 L 347.5 335.5 L 335.5 335.5 L 335.5 347.5 L 334.5 348.5 L 322.5 348.5 L 322.5 372.5 L 333.5 372.5 L 333.5 360.5 L 334.5 359.5 L 346.5 359.5 L 346.5 347.5 L 347.5 346.5 L 359.5 346.5 L 359.5 322.5 z
SS19B,M 270.5 322.5 L 270.5 334.5 L 269.5 335.5 L 257.5 335.5 L 257.5 346.5 L 281.5 346.5 L 281.5 334.5 L 282.5 333.5 L 294.5 333.5 L 294.5 322.5 z
Eastside 01,M 179.5 322.5 L 179.5 334.5 L 178.5 335.5 L 166.5 335.5 L 166.5 359.5 L 203.5 359.5 L 203.5 335.5 L 191.5 335.5 L 190.5 334.5 L 190.5 322.5 z
Fullers Park 01,M 153.5 322.5 L 153.5 334.5 L 152.5 335.5 L 140.5 335.5 L 140.5 347.5 L 139.5 348.5 L 127.5 348.5 L 127.5 359.5 L 164.5 359.5 L 164.5 334.5 L 165.5 333.5 L 177.5 333.5 L 177.5 322.5 z
MT. VERNON EAST,M 361.5 309.5 L 361.5 346.5 L 385.5 346.5 L 385.5 334.5 L 386.5 333.5 L 398.5 333.5 L 398.5 322.5 L 373.5 322.5 L 372.5 321.5 L 372.5 309.5 z
AUSTIN,M 335.5 309.5 L 335.5 321.5 L 334.5 322.5 L 322.5 322.5 L 322.5 334.5 L 321.5 335.5 L 309.5 335.5 L 309.5 346.5 L 333.5 346.5 L 333.5 334.5 L 334.5 333.5 L 346.5 333.5 L 346.5 321.5 L 347.5 320.5 L 359.5 320.5 L 359.5 309.5 z
SS26,M 296.5 309.5 L 296.5 334.5 L 295.5 335.5 L 283.5 335.5 L 283.5 346.5 L 307.5 346.5 L 307.5 334.5 L 308.5 333.5 L 320.5 333.5 L 320.5 309.5 z
Dickerson 01,M 205.5 309.5 L 205.5 346.5 L 216.5 346.5 L 216.5 334.5 L 217.5 333.5 L 229.5 333.5 L 229.5 321.5 L 230.5 320.5 L 242.5 320.5 L 242.5 309.5 z
Sewell Mill 01,M 127.5 309.5 L 127.5 321.5 L 126.5 322.5 L 114.5 322.5 L 114.5 346.5 L 138.5 346.5 L 138.5 334.5 L 139.5 333.5 L 151.5 333.5 L 151.5 309.5 z
Elizabeth 04,M 75.5 309.5 L 75.5 346.5 L 112.5 346.5 L 112.5 335.5 L 87.5 335.5 L 86.5 334.5 L 86.5 309.5 z
Elizabeth 03,M 62.5 309.5 L 62.5 321.5 L 61.5 322.5 L 49.5 322.5 L 49.5 346.5 L 61.5 346.5 L 62.5 347.5 L 62.5 359.5 L 73.5 359.5 L 73.5 309.5 z
East Piedmont 01,M 49.5 309.5 L 49.5 320.5 L 60.5 320.5 L 60.5 309.5 z
JC12,M 504.5 296.5 L 504.5 307.5 L 516.5 307.5 L 517.5 308.5 L 517.5 320.5 L 541.5 320.5 L 541.5 296.5 z
JC13B,M 491.5 296.5 L 491.5 307.5 L 502.5 307.5 L 502.5 296.5 z
SS25,M 439.5 296.5 L 439.5 320.5 L 450.5 320.5 L 450.5 308.5 L 451.5 307.5 L 463.5 307.5 L 463.5 296.5 z
SS01,M 387.5 296.5 L 387.5 308.5 L 386.5 309.5 L 374.5 309.5 L 374.5 320.5 L 424.5 320.5 L 424.5 296.5 z
Mount Bethel 01,M 244.5 296.5 L 244.5 321.5 L 243.5 322.5 L 231.5 322.5 L 231.5 333.5 L 268.5 333.5 L 268.5 321.5 L 269.5 320.5 L 281.5 320.5 L 281.5 296.5 z
Dodgen 01,M 179.5 296.5 L 179.5 320.5 L 191.5 320.5 L 192.5 321.5 L 192.5 333.5 L 203.5 333.5 L 203.5 296.5 z
Marietta 6B,M 75.5 296.5 L 75.5 307.5 L 87.5 307.5 L 88.5 308.5 L 88.5 333.5 L 112.5 333.5 L 112.5 309.5 L 100.5 309.5 L 99.5 308.5 L 99.5 296.5 z
SS20,M 322.5 283.5 L 322.5 320.5 L 333.5 320.5 L 333.5 308.5 L 334.5 307.5 L 346.5 307.5 L 346.5 296.5 L 334.5 296.5 L 333.5 295.5 L 333.5 283.5 z
SS19A,M 296.5 283.5 L 296.5 295.5 L 295.5 296.5 L 283.5 296.5 L 283.5 320.5 L 294.5 320.5 L 294.5 308.5 L 295.5 307.5 L 320.5 307.5 L 320.5 296.5 L 308.5 296.5 L 307.5 295.5 L 307.5 283.5 z
Elizabeth 05,M 114.5 283.5 L 114.5 295.5 L 113.5 296.5 L 101.5 296.5 L 101.5 307.5 L 113.5 307.5 L 114.5 308.5 L 114.5 320.5 L 125.5 320.5 L 125.5 308.5 L 126.5 307.5 L 138.5 307.5 L 138.5 283.5 z
JC11,M 491.5 270.5 L 491.5 281.5 L 503.5 281.5 L 504.5 282.5 L 504.5 294.5 L 554.5 294.5 L 554.5 283.5 L 529.5 283.5 L 528.5 282.5 L 528.5 270.5 z
JC13A,M 478.5 270.5 L 478.5 282.5 L 477.5 283.5 L 465.5 283.5 L 465.5 307.5 L 476.5 307.5 L 476.5 295.5 L 477.5 294.5 L 502.5 294.5 L 502.5 283.5 L 490.5 283.5 L 489.5 282.5 L 489.5 270.5 z
RW21,M 413.5 270.5 L 413.5 282.5 L 412.5 283.5 L 400.5 283.5 L 400.5 294.5 L 425.5 294.5 L 426.5 295.5 L 426.5 320.5 L 437.5 320.5 L 437.5 295.5 L 438.5 294.5 L 450.5 294.5 L 450.5 283.5 L 425.5 283.5 L 424.5 282.5 L 424.5 270.5 z
SS17,M 348.5 270.5 L 348.5 282.5 L 347.5 283.5 L 335.5 283.5 L 335.5 294.5 L 347.5 294.5 L 348.5 295.5 L 348.5 307.5 L 385.5 307.5 L 385.5 296.5 L 373.5 296.5 L 372.5 295.5 L 372.5 283.5 L 360.5 283.5 L 359.5 282.5 L 359.5 270.5 z
SS22,M 283.5 270.5 L 283.5 294.5 L 294.5 294.5 L 294.5 282.5 L 295.5 281.5 L 308.5 281.5 L 309.5 282.5 L 309.5 294.5 L 320.5 294.5 L 320.5 270.5 z
Timber Ridge 01,M 244.5 270.5 L 244.5 294.5 L 281.5 294.5 L 281.5 270.5 z
Roswell 02,M 218.5 270.5 L 218.5 282.5 L 217.5 283.5 L 205.5 283.5 L 205.5 307.5 L 242.5 307.5 L 242.5 270.5 z
Murdock 01,M 166.5 270.5 L 166.5 282.5 L 165.5 283.5 L 140.5 283.5 L 140.5 307.5 L 152.5 307.5 L 153.5 308.5 L 153.5 320.5 L 177.5 320.5 L 177.5 270.5 z
Elizabeth 02,M 62.5 270.5 L 62.5 282.5 L 61.5 283.5 L 49.5 283.5 L 49.5 307.5 L 73.5 307.5 L 73.5 270.5 z
JC19,M 426.5 257.5 L 426.5 281.5 L 451.5 281.5 L 452.5 282.5 L 452.5 294.5 L 463.5 294.5 L 463.5 282.5 L 464.5 281.5 L 476.5 281.5 L 476.5 270.5 L 464.5 270.5 L 463.5 269.5 L 463.5 257.5 z
RW20,M 374.5 257.5 L 374.5 269.5 L 373.5 270.5 L 361.5 270.5 L 361.5 281.5 L 373.5 281.5 L 374.5 282.5 L 374.5 294.5 L 398.5 294.5 L 398.5 270.5 L 386.5 270.5 L 385.5 269.5 L 385.5 257.5 z
SS15A,M 322.5 257.5 L 322.5 281.5 L 346.5 281.5 L 346.5 257.5 z
Chestnut Ridge 01,M 192.5 257.5 L 192.5 269.5 L 191.5 270.5 L 179.5 270.5 L 179.5 294.5 L 203.5 294.5 L 203.5 282.5 L 204.5 281.5 L 216.5 281.5 L 216.5 257.5 z
Sandy Plains 01,M 140.5 257.5 L 140.5 269.5 L 139.5 270.5 L 114.5 270.5 L 114.5 281.5 L 164.5 281.5 L 164.5 257.5 z
JC06,M 556.5 244.5 L 556.5 256.5 L 555.5 257.5 L 543.5 257.5 L 543.5 281.5 L 554.5 281.5 L 554.5 269.5 L 555.5 268.5 L 567.5 268.5 L 567.5 256.5 L 568.5 255.5 L 580.5 255.5 L 580.5 244.5 z
JC14,M 452.5 244.5 L 452.5 255.5 L 464.5 255.5 L 465.5 256.5 L 465.5 268.5 L 489.5 268.5 L 489.5 244.5 z
RW04,M 361.5 244.5 L 361.5 256.5 L 360.5 257.5 L 348.5 257.5 L 348.5 268.5 L 372.5 268.5 L 372.5 256.5 L 373.5 255.5 L 385.5 255.5 L 385.5 244.5 z
SS15B,M 322.5 244.5 L 322.5 255.5 L 359.5 255.5 L 359.5 244.5 z
RW11A,M 296.5 244.5 L 296.5 256.5 L 295.5 257.5 L 283.5 257.5 L 283.5 268.5 L 320.5 268.5 L 320.5 244.5 z
Simpson 01,M 114.5 244.5 L 114.5 255.5 L 126.5 255.5 L 127.5 256.5 L 127.5 268.5 L 138.5 268.5 L 138.5 256.5 L 139.5 255.5 L 151.5 255.5 L 151.5 244.5 z
Addison 01,M 101.5 244.5 L 101.5 294.5 L 112.5 294.5 L 112.5 269.5 L 113.5 268.5 L 125.5 268.5 L 125.5 257.5 L 113.5 257.5 L 112.5 256.5 L 112.5 244.5 z
Gritters 01,M 75.5 244.5 L 75.5 256.5 L 74.5 257.5 L 62.5 257.5 L 62.5 268.5 L 74.5 268.5 L 75.5 269.5 L 75.5 294.5 L 99.5 294.5 L 99.5 257.5 L 87.5 257.5 L 86.5 256.5 L 86.5 244.5 z
Bells Ferry 02,M 36.5 244.5 L 36.5 294.5 L 47.5 294.5 L 47.5 282.5 L 48.5 281.5 L 60.5 281.5 L 60.5 257.5 L 48.5 257.5 L 47.5 256.5 L 47.5 244.5 z
JC07,M 530.5 231.5 L 530.5 243.5 L 529.5 244.5 L 517.5 244.5 L 517.5 268.5 L 529.5 268.5 L 530.5 269.5 L 530.5 281.5 L 541.5 281.5 L 541.5 256.5 L 542.5 255.5 L 554.5 255.5 L 554.5 231.5 z
JC18,M 426.5 231.5 L 426.5 243.5 L 425.5 244.5 L 413.5 244.5 L 413.5 255.5 L 450.5 255.5 L 450.5 243.5 L 451.5 242.5 L 463.5 242.5 L 463.5 231.5 z
RW22A,M 400.5 231.5 L 400.5 243.5 L 399.5 244.5 L 387.5 244.5 L 387.5 268.5 L 399.5 268.5 L 400.5 269.5 L 400.5 281.5 L 411.5 281.5 L 411.5 269.5 L 412.5 268.5 L 424.5 268.5 L 424.5 257.5 L 412.5 257.5 L 411.5 256.5 L 411.5 231.5 z
JC01,M 595.5 218.5 L 595.5 243.5 L 594.5 244.5 L 582.5 244.5 L 582.5 255.5 L 632.5 255.5 L 632.5 243.5 L 633.5 242.5 L 645.5 242.5 L 645.5 231.5 L 620.5 231.5 L 619.5 230.5 L 619.5 218.5 z
JC02,M 569.5 218.5 L 569.5 242.5 L 593.5 242.5 L 593.5 218.5 z
JC03B,M 543.5 218.5 L 543.5 229.5 L 555.5 229.5 L 556.5 230.5 L 556.5 242.5 L 567.5 242.5 L 567.5 218.5 z
JC03A,M 530.5 218.5 L 530.5 229.5 L 541.5 229.5 L 541.5 218.5 z
JC09,M 491.5 218.5 L 491.5 268.5 L 515.5 268.5 L 515.5 244.5 L 503.5 244.5 L 502.5 243.5 L 502.5 218.5 z
RW17,M 348.5 218.5 L 348.5 230.5 L 347.5 231.5 L 335.5 231.5 L 335.5 242.5 L 372.5 242.5 L 372.5 218.5 z
Roswell 01,M 244.5 218.5 L 244.5 230.5 L 243.5 231.5 L 231.5 231.5 L 231.5 255.5 L 243.5 255.5 L 244.5 256.5 L 244.5 268.5 L 281.5 268.5 L 281.5 244.5 L 269.5 244.5 L 268.5 243.5 L 268.5 218.5 z
Hightower 01,M 205.5 218.5 L 205.5 230.5 L 204.5 231.5 L 192.5 231.5 L 192.5 242.5 L 204.5 242.5 L 205.5 243.5 L 205.5 255.5 L 217.5 255.5 L 218.5 256.5 L 218.5 268.5 L 242.5 268.5 L 242.5 257.5 L 230.5 257.5 L 229.5 256.5 L 229.5 218.5 z
Pope 01,M 179.5 218.5 L 179.5 243.5 L 178.5 244.5 L 166.5 244.5 L 166.5 268.5 L 190.5 268.5 L 190.5 256.5 L 191.5 255.5 L 203.5 255.5 L 203.5 244.5 L 191.5 244.5 L 190.5 243.5 L 190.5 218.5 z
McCleskey 01,M 88.5 218.5 L 88.5 230.5 L 87.5 231.5 L 75.5 231.5 L 75.5 242.5 L 87.5 242.5 L 88.5 243.5 L 88.5 255.5 L 99.5 255.5 L 99.5 218.5 z
Blackwell 01,M 62.5 218.5 L 62.5 230.5 L 61.5 231.5 L 49.5 231.5 L 49.5 255.5 L 73.5 255.5 L 73.5 218.5 z
Palmer 01,M 23.5 218.5 L 23.5 242.5 L 47.5 242.5 L 47.5 231.5 L 35.5 231.5 L 34.5 230.5 L 34.5 218.5 z
JC08,M 491.5 205.5 L 491.5 216.5 L 503.5 216.5 L 504.5 217.5 L 504.5 242.5 L 528.5 242.5 L 528.5 218.5 L 516.5 218.5 L 515.5 217.5 L 515.5 205.5 z
JC10,M 478.5 205.5 L 478.5 230.5 L 477.5 231.5 L 465.5 231.5 L 465.5 242.5 L 489.5 242.5 L 489.5 205.5 z
JC15,M 439.5 205.5 L 439.5 229.5 L 450.5 229.5 L 450.5 205.5 z
JC16,M 413.5 205.5 L 413.5 242.5 L 424.5 242.5 L 424.5 230.5 L 425.5 229.5 L 437.5 229.5 L 437.5 205.5 z
RW06,M 400.5 205.5 L 400.5 217.5 L 399.5 218.5 L 374.5 218.5 L 374.5 242.5 L 398.5 242.5 L 398.5 230.5 L 399.5 229.5 L 411.5 229.5 L 411.5 205.5 z
RW02,M 270.5 205.5 L 270.5 242.5 L 282.5 242.5 L 283.5 243.5 L 283.5 255.5 L 294.5 255.5 L 294.5 243.5 L 295.5 242.5 L 320.5 242.5 L 320.5 231.5 L 308.5 231.5 L 307.5 230.5 L 307.5 218.5 L 282.5 218.5 L 281.5 217.5 L 281.5 205.5 z
Lasssiter 01,M 153.5 205.5 L 153.5 217.5 L 152.5 218.5 L 140.5 218.5 L 140.5 242.5 L 152.5 242.5 L 153.5 243.5 L 153.5 255.5 L 164.5 255.5 L 164.5 243.5 L 165.5 242.5 L 177.5 242.5 L 177.5 218.5 L 165.5 218.5 L 164.5 217.5 L 164.5 205.5 z
Rocky Mountain 01,M 127.5 205.5 L 127.5 217.5 L 126.5 218.5 L 101.5 218.5 L 101.5 242.5 L 138.5 242.5 L 138.5 205.5 z
RW07A,M 335.5 192.5 L 335.5 203.5 L 359.5 203.5 L 359.5 192.5 z
RW03,M 322.5 192.5 L 322.5 217.5 L 321.5 218.5 L 309.5 218.5 L 309.5 229.5 L 321.5 229.5 L 322.5 230.5 L 322.5 242.5 L 333.5 242.5 L 333.5 230.5 L 334.5 229.5 L 346.5 229.5 L 346.5 217.5 L 347.5 216.5 L 359.5 216.5 L 359.5 205.5 L 334.5 205.5 L 333.5 204.5 L 333.5 192.5 z
Shallowford Fall 01,M 218.5 192.5 L 218.5 203.5 L 230.5 203.5 L 231.5 204.5 L 231.5 229.5 L 242.5 229.5 L 242.5 217.5 L 243.5 216.5 L 268.5 216.5 L 268.5 205.5 L 256.5 205.5 L 255.5 204.5 L 255.5 192.5 z
Garrison Mill 01,M 192.5 192.5 L 192.5 229.5 L 203.5 229.5 L 203.5 217.5 L 204.5 216.5 L 229.5 216.5 L 229.5 205.5 L 217.5 205.5 L 216.5 204.5 L 216.5 192.5 z
Mabry 01,M 166.5 192.5 L 166.5 216.5 L 190.5 216.5 L 190.5 192.5 z
Davis 01,M 127.5 192.5 L 127.5 203.5 L 139.5 203.5 L 140.5 204.5 L 140.5 216.5 L 151.5 216.5 L 151.5 204.5 L 152.5 203.5 L 164.5 203.5 L 164.5 192.5 z
Kell 01,M 101.5 192.5 L 101.5 216.5 L 125.5 216.5 L 125.5 192.5 z
Nicholson 01,M 75.5 192.5 L 75.5 229.5 L 86.5 229.5 L 86.5 217.5 L 87.5 216.5 L 99.5 216.5 L 99.5 192.5 z
Bells Ferry 03,M 10.5 192.5 L 10.5 203.5 L 22.5 203.5 L 23.5 204.5 L 23.5 216.5 L 35.5 216.5 L 36.5 217.5 L 36.5 229.5 L 60.5 229.5 L 60.5 217.5 L 61.5 216.5 L 73.5 216.5 L 73.5 192.5 z
JC05,M 504.5 179.5 L 504.5 203.5 L 516.5 203.5 L 517.5 204.5 L 517.5 216.5 L 528.5 216.5 L 528.5 192.5 L 516.5 192.5 L 515.5 191.5 L 515.5 179.5 z
JC04B,M 491.5 179.5 L 491.5 190.5 L 502.5 190.5 L 502.5 179.5 z
AP14,M 439.5 179.5 L 439.5 203.5 L 451.5 203.5 L 452.5 204.5 L 452.5 229.5 L 476.5 229.5 L 476.5 205.5 L 464.5 205.5 L 463.5 204.5 L 463.5 192.5 L 451.5 192.5 L 450.5 191.5 L 450.5 179.5 z
AP01C,M 400.5 179.5 L 400.5 203.5 L 437.5 203.5 L 437.5 192.5 L 425.5 192.5 L 424.5 191.5 L 424.5 179.5 z
RW13,M 374.5 179.5 L 374.5 191.5 L 373.5 192.5 L 361.5 192.5 L 361.5 216.5 L 398.5 216.5 L 398.5 179.5 z
RW07B,M 361.5 179.5 L 361.5 190.5 L 372.5 190.5 L 372.5 179.5 z
AP03,M 348.5 179.5 L 348.5 190.5 L 359.5 190.5 L 359.5 179.5 z
RW10,M 309.5 179.5 L 309.5 191.5 L 308.5 192.5 L 283.5 192.5 L 283.5 216.5 L 320.5 216.5 L 320.5 179.5 z
JC04A,M 517.5 166.5 L 517.5 190.5 L 529.5 190.5 L 530.5 191.5 L 530.5 216.5 L 580.5 216.5 L 580.5 205.5 L 555.5 205.5 L 554.5 204.5 L 554.5 192.5 L 542.5 192.5 L 541.5 191.5 L 541.5 179.5 L 529.5 179.5 L 528.5 178.5 L 528.5 166.5 z
AP09B,M 491.5 166.5 L 491.5 177.5 L 515.5 177.5 L 515.5 166.5 z
AP09A,M 439.5 166.5 L 439.5 177.5 L 451.5 177.5 L 452.5 178.5 L 452.5 190.5 L 464.5 190.5 L 465.5 191.5 L 465.5 203.5 L 502.5 203.5 L 502.5 192.5 L 490.5 192.5 L 489.5 191.5 L 489.5 179.5 L 477.5 179.5 L 476.5 178.5 L 476.5 166.5 z
AP01D,M 374.5 166.5 L 374.5 177.5 L 398.5 177.5 L 398.5 166.5 z
RW08,M 309.5 166.5 L 309.5 177.5 L 321.5 177.5 L 322.5 178.5 L 322.5 190.5 L 346.5 190.5 L 346.5 166.5 z
AP13,M 426.5 153.5 L 426.5 165.5 L 425.5 166.5 L 413.5 166.5 L 413.5 177.5 L 425.5 177.5 L 426.5 178.5 L 426.5 190.5 L 437.5 190.5 L 437.5 165.5 L 438.5 164.5 L 450.5 164.5 L 450.5 153.5 z
AP02B,M 387.5 153.5 L 387.5 164.5 L 398.5 164.5 L 398.5 153.5 z
RW05,M 361.5 153.5 L 361.5 165.5 L 360.5 166.5 L 348.5 166.5 L 348.5 177.5 L 372.5 177.5 L 372.5 165.5 L 373.5 164.5 L 385.5 164.5 L 385.5 153.5 z
RW01,M 257.5 153.5 L 257.5 177.5 L 269.5 177.5 L 270.5 178.5 L 270.5 203.5 L 281.5 203.5 L 281.5 191.5 L 282.5 190.5 L 307.5 190.5 L 307.5 166.5 L 295.5 166.5 L 294.5 165.5 L 294.5 153.5 z
AP01A,M 413.5 140.5 L 413.5 152.5 L 412.5 153.5 L 400.5 153.5 L 400.5 177.5 L 411.5 177.5 L 411.5 165.5 L 412.5 164.5 L 424.5 164.5 L 424.5 140.5 z
AP01B,M 400.5 140.5 L 400.5 151.5 L 411.5 151.5 L 411.5 140.5 z
RW16,M 348.5 140.5 L 348.5 152.5 L 347.5 153.5 L 322.5 153.5 L 322.5 164.5 L 359.5 164.5 L 359.5 140.5 z
Wileo 01,M 244.5 140.5 L 244.5 190.5 L 256.5 190.5 L 257.5 191.5 L 257.5 203.5 L 268.5 203.5 L 268.5 179.5 L 256.5 179.5 L 255.5 178.5 L 255.5 140.5 z
Post Oak 01,M 218.5 140.5 L 218.5 190.5 L 242.5 190.5 L 242.5 140.5 z
AP12C,M 387.5 127.5 L 387.5 138.5 L 424.5 138.5 L 424.5 127.5 z
AP022,M 374.5 127.5 L 374.5 139.5 L 373.5 140.5 L 361.5 140.5 L 361.5 151.5 L 398.5 151.5 L 398.5 140.5 L 386.5 140.5 L 385.5 139.5 L 385.5 127.5 z
MP01,M 244.5 127.5 L 244.5 138.5 L 255.5 138.5 L 255.5 127.5 z
AP05,M 426.5 114.5 L 426.5 151.5 L 451.5 151.5 L 452.5 152.5 L 452.5 164.5 L 477.5 164.5 L 478.5 165.5 L 478.5 177.5 L 489.5 177.5 L 489.5 165.5 L 490.5 164.5 L 502.5 164.5 L 502.5 153.5 L 464.5 153.5 L 463.5 152.5 L 463.5 140.5 L 438.5 140.5 L 437.5 139.5 L 437.5 114.5 z
AP12A,M 413.5 114.5 L 413.5 125.5 L 424.5 125.5 L 424.5 114.5 z
RW12,M 309.5 114.5 L 309.5 139.5 L 308.5 140.5 L 296.5 140.5 L 296.5 164.5 L 320.5 164.5 L 320.5 152.5 L 321.5 151.5 L 346.5 151.5 L 346.5 139.5 L 347.5 138.5 L 359.5 138.5 L 359.5 127.5 L 347.5 127.5 L 346.5 126.5 L 346.5 114.5 z
AP12B,M 426.5 101.5 L 426.5 112.5 L 437.5 112.5 L 437.5 101.5 z
AP021,M 361.5 101.5 L 361.5 113.5 L 360.5 114.5 L 348.5 114.5 L 348.5 125.5 L 360.5 125.5 L 361.5 126.5 L 361.5 138.5 L 372.5 138.5 L 372.5 126.5 L 373.5 125.5 L 385.5 125.5 L 385.5 101.5 z
AP07A,M 387.5 88.5 L 387.5 125.5 L 411.5 125.5 L 411.5 113.5 L 412.5 112.5 L 424.5 112.5 L 424.5 101.5 L 412.5 101.5 L 411.5 100.5 L 411.5 88.5 z
AP04B,M 348.5 88.5 L 348.5 99.5 L 359.5 99.5 L 359.5 88.5 z
AP04A,M 322.5 88.5 L 322.5 112.5 L 359.5 112.5 L 359.5 101.5 L 334.5 101.5 L 333.5 100.5 L 333.5 88.5 z
RW09,M 296.5 88.5 L 296.5 113.5 L 295.5 114.5 L 257.5 114.5 L 257.5 151.5 L 294.5 151.5 L 294.5 139.5 L 295.5 138.5 L 307.5 138.5 L 307.5 88.5 z
ML06A,M 426.5 75.5 L 426.5 87.5 L 425.5 88.5 L 413.5 88.5 L 413.5 99.5 L 437.5 99.5 L 437.5 75.5 z
ML05A,M 400.5 75.5 L 400.5 86.5 L 411.5 86.5 L 411.5 75.5 z
ML04C,M 387.5 75.5 L 387.5 86.5 L 398.5 86.5 L 398.5 75.5 z
AP10,M 374.5 75.5 L 374.5 99.5 L 385.5 99.5 L 385.5 75.5 z
AP06,M 348.5 62.5 L 348.5 86.5 L 360.5 86.5 L 361.5 87.5 L 361.5 99.5 L 372.5 99.5 L 372.5 75.5 L 360.5 75.5 L 359.5 74.5 L 359.5 62.5 z
ML011,M 322.5 62.5 L 322.5 86.5 L 334.5 86.5 L 335.5 87.5 L 335.5 99.5 L 346.5 99.5 L 346.5 62.5 z
ML012,M 309.5 62.5 L 309.5 73.5 L 320.5 73.5 L 320.5 62.5 z
RW19,M 296.5 62.5 L 296.5 86.5 L 308.5 86.5 L 309.5 87.5 L 309.5 112.5 L 320.5 112.5 L 320.5 75.5 L 308.5 75.5 L 307.5 74.5 L 307.5 62.5 z
ML06B,M 413.5 49.5 L 413.5 86.5 L 424.5 86.5 L 424.5 74.5 L 425.5 73.5 L 437.5 73.5 L 437.5 49.5 z
ML04A,M 361.5 49.5 L 361.5 73.5 L 385.5 73.5 L 385.5 49.5 z
ML024,M 348.5 49.5 L 348.5 60.5 L 359.5 60.5 L 359.5 49.5 z
ML023,M 309.5 49.5 L 309.5 60.5 L 346.5 60.5 L 346.5 49.5 z
ML01B,M 296.5 49.5 L 296.5 60.5 L 307.5 60.5 L 307.5 49.5 z
AP07B,M 387.5 36.5 L 387.5 73.5 L 398.5 73.5 L 398.5 36.5 z
ML022,M 335.5 36.5 L 335.5 47.5 L 346.5 47.5 L 346.5 36.5 z
ML05C,M 400.5 23.5 L 400.5 73.5 L 411.5 73.5 L 411.5 48.5 L 412.5 47.5 L 437.5 47.5 L 437.5 23.5 z
ML04B,M 374.5 23.5 L 374.5 47.5 L 385.5 47.5 L 385.5 35.5 L 386.5 34.5 L 398.5 34.5 L 398.5 23.5 z
ML021,M 322.5 23.5 L 322.5 35.5 L 321.5 36.5 L 296.5 36.5 L 296.5 47.5 L 333.5 47.5 L 333.5 23.5 z
ML071,M 426.5 10.5 L 426.5 21.5 L 437.5 21.5 L 437.5 10.5 z
ML072,M 400.5 10.5 L 400.5 21.5 L 424.5 21.5 L 424.5 10.5 z
ML05B,M 387.5 10.5 L 387.5 21.5 L 398.5 21.5 L 398.5 10.5 z
ML07A,M 374.5 10.5 L 374.5 21.5 L 385.5 21.5 L 385.5 10.5 z
ML03,M 335.5 10.5 L 335.5 34.5 L 347.5 34.5 L 348.5 35.5 L 348.5 47.5 L 372.5 47.5 L 372.5 10.5 z
