BRIARLAKE ELEM,M 474.5 554.5 L 474.5 566.5 L 473.5 567.5 L 461.5 567.5 L 461.5 591.5 L 472.5 591.5 L 472.5 579.5 L 473.5 578.5 L 485.5 578.5 L 485.5 554.5 z
CROSS KEYS HIGH,M 357.5 554.5 L 357.5 578.5 L 381.5 578.5 L 381.5 554.5 z
MIDVALE ROAD,M 487.5 541.5 L 487.5 578.5 L 511.5 578.5 L 511.5 541.5 z
LAKESIDE HIGH,M 448.5 541.5 L 448.5 553.5 L 447.5 554.5 L 422.5 554.5 L 422.5 565.5 L 447.5 565.5 L 448.5 566.5 L 448.5 591.5 L 459.5 591.5 L 459.5 566.5 L 460.5 565.5 L 472.5 565.5 L 472.5 554.5 L 460.5 554.5 L 459.5 553.5 L 459.5 541.5 z
BRIARWOOD,M 383.5 541.5 L 383.5 578.5 L 394.5 578.5 L 394.5 566.5 L 395.5 565.5 L 407.5 565.5 L 407.5 554.5 L 395.5 554.5 L 394.5 553.5 L 394.5 541.5 z
TUCKER,M 552.5 528.5 L 552.5 552.5 L 590.5 552.5 L 591.5 553.5 L 591.5 565.5 L 602.5 565.5 L 602.5 541.5 L 564.5 541.5 L 563.5 540.5 L 563.5 528.5 z
TUCKER LIBRARY,M 539.5 528.5 L 539.5 553.5 L 538.5 554.5 L 526.5 554.5 L 526.5 565.5 L 563.5 565.5 L 563.5 554.5 L 551.5 554.5 L 550.5 553.5 L 550.5 528.5 z
MIDVALE ELEM,M 513.5 528.5 L 513.5 578.5 L 524.5 578.5 L 524.5 553.5 L 525.5 552.5 L 537.5 552.5 L 537.5 541.5 L 525.5 541.5 L 524.5 540.5 L 524.5 528.5 z
LIVSEY ELEM,M 526.5 515.5 L 526.5 539.5 L 537.5 539.5 L 537.5 527.5 L 538.5 526.5 L 550.5 526.5 L 550.5 515.5 z
SKYLAND,M 409.5 515.5 L 409.5 527.5 L 408.5 528.5 L 396.5 528.5 L 396.5 552.5 L 407.5 552.5 L 407.5 540.5 L 408.5 539.5 L 420.5 539.5 L 420.5 515.5 z
BROOKHAVEN,M 383.5 515.5 L 383.5 527.5 L 382.5 528.5 L 357.5 528.5 L 357.5 552.5 L 381.5 552.5 L 381.5 540.5 L 382.5 539.5 L 394.5 539.5 L 394.5 527.5 L 395.5 526.5 L 407.5 526.5 L 407.5 515.5 z
EMBRY HILLS,M 500.5 502.5 L 500.5 539.5 L 511.5 539.5 L 511.5 527.5 L 512.5 526.5 L 524.5 526.5 L 524.5 515.5 L 512.5 515.5 L 511.5 514.5 L 511.5 502.5 z
HENDERSON MILL ELEM,M 474.5 502.5 L 474.5 527.5 L 473.5 528.5 L 461.5 528.5 L 461.5 552.5 L 485.5 552.5 L 485.5 502.5 z
HAWTHORNE ELEM,M 448.5 502.5 L 448.5 527.5 L 447.5 528.5 L 435.5 528.5 L 435.5 552.5 L 446.5 552.5 L 446.5 540.5 L 447.5 539.5 L 459.5 539.5 L 459.5 527.5 L 460.5 526.5 L 472.5 526.5 L 472.5 502.5 z
DRESDEN ELEM,M 435.5 502.5 L 435.5 514.5 L 434.5 515.5 L 422.5 515.5 L 422.5 540.5 L 421.5 541.5 L 409.5 541.5 L 409.5 578.5 L 420.5 578.5 L 420.5 553.5 L 421.5 552.5 L 433.5 552.5 L 433.5 527.5 L 434.5 526.5 L 446.5 526.5 L 446.5 502.5 z
EVANSDALE ELEM,M 474.5 489.5 L 474.5 500.5 L 486.5 500.5 L 487.5 501.5 L 487.5 539.5 L 498.5 539.5 L 498.5 489.5 z
ASHFORD PARK ELEM,M 409.5 489.5 L 409.5 501.5 L 408.5 502.5 L 396.5 502.5 L 396.5 513.5 L 433.5 513.5 L 433.5 489.5 z
SILVER LAKE,M 344.5 489.5 L 344.5 501.5 L 343.5 502.5 L 331.5 502.5 L 331.5 513.5 L 356.5 513.5 L 357.5 514.5 L 357.5 526.5 L 381.5 526.5 L 381.5 514.5 L 382.5 513.5 L 394.5 513.5 L 394.5 502.5 L 369.5 502.5 L 368.5 501.5 L 368.5 489.5 z
PLEASANTDALE ROAD,M 487.5 476.5 L 487.5 487.5 L 499.5 487.5 L 500.5 488.5 L 500.5 500.5 L 512.5 500.5 L 513.5 501.5 L 513.5 513.5 L 537.5 513.5 L 537.5 502.5 L 525.5 502.5 L 524.5 501.5 L 524.5 489.5 L 512.5 489.5 L 511.5 488.5 L 511.5 476.5 z
WARREN TECH,M 461.5 476.5 L 461.5 500.5 L 472.5 500.5 L 472.5 476.5 z
CHAMBLEE,M 448.5 476.5 L 448.5 488.5 L 447.5 489.5 L 435.5 489.5 L 435.5 500.5 L 459.5 500.5 L 459.5 476.5 z
ASHFORD DUNWOODY RD,M 370.5 476.5 L 370.5 500.5 L 407.5 500.5 L 407.5 476.5 z
OAKCLIFF ELEM,M 474.5 463.5 L 474.5 487.5 L 485.5 487.5 L 485.5 475.5 L 486.5 474.5 L 498.5 474.5 L 498.5 463.5 z
DORAVILLE SOUTH,M 448.5 463.5 L 448.5 474.5 L 472.5 474.5 L 472.5 463.5 z
CHAMBLEE 2,M 422.5 463.5 L 422.5 475.5 L 421.5 476.5 L 409.5 476.5 L 409.5 487.5 L 446.5 487.5 L 446.5 463.5 z
ASHFORD PARKSIDE,M 383.5 450.5 L 383.5 462.5 L 382.5 463.5 L 357.5 463.5 L 357.5 475.5 L 356.5 476.5 L 344.5 476.5 L 344.5 487.5 L 368.5 487.5 L 368.5 475.5 L 369.5 474.5 L 407.5 474.5 L 407.5 463.5 L 395.5 463.5 L 394.5 462.5 L 394.5 450.5 z
Chattahoochee 01,M 140.5 440.5 L 140.5 451.5 L 152.5 451.5 L 153.5 452.5 L 153.5 464.5 L 164.5 464.5 L 164.5 452.5 L 165.5 451.5 L 190.5 451.5 L 190.5 440.5 z
DORAVILLE NORTH,M 461.5 437.5 L 461.5 449.5 L 460.5 450.5 L 448.5 450.5 L 448.5 461.5 L 485.5 461.5 L 485.5 450.5 L 473.5 450.5 L 472.5 449.5 L 472.5 437.5 z
KITTREDGE ELEM,M 396.5 437.5 L 396.5 461.5 L 408.5 461.5 L 409.5 462.5 L 409.5 474.5 L 420.5 474.5 L 420.5 437.5 z
MONTGOMERY ELEM,M 357.5 437.5 L 357.5 461.5 L 381.5 461.5 L 381.5 449.5 L 382.5 448.5 L 394.5 448.5 L 394.5 437.5 z
Marietta 7A,M 140.5 427.5 L 140.5 438.5 L 151.5 438.5 L 151.5 427.5 z
SS12,M 320.5 426.5 L 320.5 438.5 L 319.5 439.5 L 307.5 439.5 L 307.5 464.5 L 306.5 465.5 L 294.5 465.5 L 294.5 476.5 L 318.5 476.5 L 318.5 451.5 L 319.5 450.5 L 331.5 450.5 L 331.5 426.5 z
SS11A,M 281.5 426.5 L 281.5 463.5 L 305.5 463.5 L 305.5 438.5 L 306.5 437.5 L 318.5 437.5 L 318.5 426.5 z
SS11B,M 255.5 426.5 L 255.5 437.5 L 279.5 437.5 L 279.5 426.5 z
HUNTLEY HILLS ELEM,M 422.5 424.5 L 422.5 461.5 L 446.5 461.5 L 446.5 449.5 L 447.5 448.5 L 459.5 448.5 L 459.5 437.5 L 434.5 437.5 L 433.5 436.5 L 433.5 424.5 z
SS08A,M 307.5 413.5 L 307.5 424.5 L 331.5 424.5 L 331.5 413.5 z
SS07C,M 294.5 413.5 L 294.5 424.5 L 305.5 424.5 L 305.5 413.5 z
SS11C,M 281.5 413.5 L 281.5 424.5 L 292.5 424.5 L 292.5 413.5 z
SS31,M 255.5 413.5 L 255.5 424.5 L 279.5 424.5 L 279.5 413.5 z
SS16,M 216.5 413.5 L 216.5 450.5 L 227.5 450.5 L 227.5 438.5 L 228.5 437.5 L 240.5 437.5 L 240.5 413.5 z
CHESNUT ELEM,M 461.5 411.5 L 461.5 423.5 L 460.5 424.5 L 435.5 424.5 L 435.5 435.5 L 472.5 435.5 L 472.5 411.5 z
GEORGETOWN SQUARE,M 370.5 411.5 L 370.5 423.5 L 369.5 424.5 L 357.5 424.5 L 357.5 435.5 L 407.5 435.5 L 407.5 411.5 z
SS08D,M 307.5 400.5 L 307.5 411.5 L 331.5 411.5 L 331.5 400.5 z
SS08B,M 294.5 400.5 L 294.5 411.5 L 305.5 411.5 L 305.5 400.5 z
SS07B,M 281.5 400.5 L 281.5 411.5 L 292.5 411.5 L 292.5 400.5 z
SS06,M 242.5 400.5 L 242.5 437.5 L 253.5 437.5 L 253.5 400.5 z
NORTH PEACHTREE,M 435.5 398.5 L 435.5 409.5 L 447.5 409.5 L 448.5 410.5 L 448.5 422.5 L 459.5 422.5 L 459.5 398.5 z
PEACHTREE MIDDLE,M 409.5 398.5 L 409.5 435.5 L 420.5 435.5 L 420.5 423.5 L 421.5 422.5 L 446.5 422.5 L 446.5 411.5 L 434.5 411.5 L 433.5 410.5 L 433.5 398.5 z
Sope Creek 02,M 166.5 388.5 L 166.5 400.5 L 165.5 401.5 L 153.5 401.5 L 153.5 438.5 L 190.5 438.5 L 190.5 414.5 L 178.5 414.5 L 177.5 413.5 L 177.5 388.5 z
Marietta 6A,M 153.5 388.5 L 153.5 399.5 L 164.5 399.5 L 164.5 388.5 z
SS08C,M 307.5 387.5 L 307.5 398.5 L 318.5 398.5 L 318.5 387.5 z
SS07A,M 268.5 387.5 L 268.5 398.5 L 292.5 398.5 L 292.5 387.5 z
SS03,M 255.5 387.5 L 255.5 411.5 L 279.5 411.5 L 279.5 400.5 L 267.5 400.5 L 266.5 399.5 L 266.5 387.5 z
DUNWOODY,M 357.5 385.5 L 357.5 410.5 L 356.5 411.5 L 344.5 411.5 L 344.5 422.5 L 368.5 422.5 L 368.5 410.5 L 369.5 409.5 L 394.5 409.5 L 394.5 398.5 L 369.5 398.5 L 368.5 397.5 L 368.5 385.5 z
Sope Creek 03,M 192.5 375.5 L 192.5 387.5 L 191.5 388.5 L 179.5 388.5 L 179.5 412.5 L 190.5 412.5 L 190.5 400.5 L 191.5 399.5 L 216.5 399.5 L 216.5 375.5 z
Powers Ferry 01,M 88.5 375.5 L 88.5 386.5 L 99.5 386.5 L 99.5 375.5 z
SS05,M 242.5 374.5 L 242.5 398.5 L 253.5 398.5 L 253.5 386.5 L 254.5 385.5 L 279.5 385.5 L 279.5 374.5 z
TILLY MILL ROAD,M 461.5 372.5 L 461.5 384.5 L 460.5 385.5 L 448.5 385.5 L 448.5 396.5 L 472.5 396.5 L 472.5 372.5 z
DUNWOODY HIGH,M 422.5 372.5 L 422.5 384.5 L 421.5 385.5 L 409.5 385.5 L 409.5 396.5 L 446.5 396.5 L 446.5 372.5 z
MT. VERNON WEST,M 396.5 372.5 L 396.5 384.5 L 395.5 385.5 L 383.5 385.5 L 383.5 396.5 L 395.5 396.5 L 396.5 397.5 L 396.5 409.5 L 407.5 409.5 L 407.5 384.5 L 408.5 383.5 L 420.5 383.5 L 420.5 372.5 z
SS02B,M 268.5 361.5 L 268.5 372.5 L 292.5 372.5 L 292.5 361.5 z
SS18A,M 255.5 361.5 L 255.5 372.5 L 266.5 372.5 L 266.5 361.5 z
Mount Bethel 04,M 179.5 349.5 L 179.5 386.5 L 190.5 386.5 L 190.5 374.5 L 191.5 373.5 L 216.5 373.5 L 216.5 349.5 z
Sope Creek 01,M 153.5 349.5 L 153.5 373.5 L 165.5 373.5 L 166.5 374.5 L 166.5 386.5 L 177.5 386.5 L 177.5 349.5 z
Eastside 02,M 114.5 349.5 L 114.5 373.5 L 126.5 373.5 L 127.5 374.5 L 127.5 386.5 L 164.5 386.5 L 164.5 375.5 L 152.5 375.5 L 151.5 374.5 L 151.5 349.5 z
SS29A,M 320.5 348.5 L 320.5 373.5 L 319.5 374.5 L 307.5 374.5 L 307.5 385.5 L 331.5 385.5 L 331.5 360.5 L 332.5 359.5 L 344.5 359.5 L 344.5 348.5 z
SS04,M 307.5 348.5 L 307.5 360.5 L 306.5 361.5 L 294.5 361.5 L 294.5 373.5 L 293.5 374.5 L 281.5 374.5 L 281.5 385.5 L 293.5 385.5 L 294.5 386.5 L 294.5 398.5 L 305.5 398.5 L 305.5 373.5 L 306.5 372.5 L 318.5 372.5 L 318.5 348.5 z
SS02A,M 281.5 348.5 L 281.5 359.5 L 305.5 359.5 L 305.5 348.5 z
SS18B,M 268.5 348.5 L 268.5 359.5 L 279.5 359.5 L 279.5 348.5 z
WINTERS CHAPEL,M 474.5 346.5 L 474.5 383.5 L 485.5 383.5 L 485.5 346.5 z
KINGSLEY ELEM,M 448.5 346.5 L 448.5 358.5 L 447.5 359.5 L 435.5 359.5 L 435.5 370.5 L 447.5 370.5 L 448.5 371.5 L 448.5 383.5 L 459.5 383.5 L 459.5 371.5 L 460.5 370.5 L 472.5 370.5 L 472.5 346.5 z
DUNWOODY LIBRARY,M 396.5 346.5 L 396.5 358.5 L 395.5 359.5 L 383.5 359.5 L 383.5 371.5 L 382.5 372.5 L 370.5 372.5 L 370.5 396.5 L 381.5 396.5 L 381.5 384.5 L 382.5 383.5 L 394.5 383.5 L 394.5 371.5 L 395.5 370.5 L 407.5 370.5 L 407.5 346.5 z
Sewell Mill 03,M 88.5 336.5 L 88.5 361.5 L 87.5 362.5 L 75.5 362.5 L 75.5 373.5 L 112.5 373.5 L 112.5 348.5 L 113.5 347.5 L 125.5 347.5 L 125.5 336.5 z
Marietta 5A,M 75.5 336.5 L 75.5 360.5 L 86.5 360.5 L 86.5 336.5 z
MT. VERNON EAST,M 409.5 333.5 L 409.5 370.5 L 433.5 370.5 L 433.5 358.5 L 434.5 357.5 L 446.5 357.5 L 446.5 346.5 L 421.5 346.5 L 420.5 345.5 L 420.5 333.5 z
AUSTIN,M 383.5 333.5 L 383.5 345.5 L 382.5 346.5 L 370.5 346.5 L 370.5 358.5 L 369.5 359.5 L 357.5 359.5 L 357.5 370.5 L 381.5 370.5 L 381.5 358.5 L 382.5 357.5 L 394.5 357.5 L 394.5 345.5 L 395.5 344.5 L 407.5 344.5 L 407.5 333.5 z
Mount Bethel 03,M 218.5 323.5 L 218.5 335.5 L 217.5 336.5 L 205.5 336.5 L 205.5 347.5 L 217.5 347.5 L 218.5 348.5 L 218.5 360.5 L 229.5 360.5 L 229.5 348.5 L 230.5 347.5 L 242.5 347.5 L 242.5 335.5 L 243.5 334.5 L 255.5 334.5 L 255.5 323.5 z
SS19B,M 294.5 322.5 L 294.5 334.5 L 293.5 335.5 L 281.5 335.5 L 281.5 346.5 L 305.5 346.5 L 305.5 334.5 L 306.5 333.5 L 318.5 333.5 L 318.5 322.5 z
Eastside 01,M 179.5 310.5 L 179.5 322.5 L 178.5 323.5 L 166.5 323.5 L 166.5 347.5 L 203.5 347.5 L 203.5 323.5 L 191.5 323.5 L 190.5 322.5 L 190.5 310.5 z
Fullers Park 01,M 153.5 310.5 L 153.5 322.5 L 152.5 323.5 L 140.5 323.5 L 140.5 335.5 L 139.5 336.5 L 127.5 336.5 L 127.5 347.5 L 164.5 347.5 L 164.5 322.5 L 165.5 321.5 L 177.5 321.5 L 177.5 310.5 z
SS26,M 320.5 309.5 L 320.5 334.5 L 319.5 335.5 L 307.5 335.5 L 307.5 346.5 L 331.5 346.5 L 331.5 334.5 L 332.5 333.5 L 344.5 333.5 L 344.5 309.5 z
Dickerson 01,M 205.5 297.5 L 205.5 334.5 L 216.5 334.5 L 216.5 322.5 L 217.5 321.5 L 229.5 321.5 L 229.5 309.5 L 230.5 308.5 L 242.5 308.5 L 242.5 297.5 z
Sewell Mill 01,M 127.5 297.5 L 127.5 309.5 L 126.5 310.5 L 114.5 310.5 L 114.5 334.5 L 138.5 334.5 L 138.5 322.5 L 139.5 321.5 L 151.5 321.5 L 151.5 297.5 z
Elizabeth 04,M 75.5 297.5 L 75.5 334.5 L 112.5 334.5 L 112.5 323.5 L 87.5 323.5 L 86.5 322.5 L 86.5 297.5 z
Elizabeth 03,M 62.5 297.5 L 62.5 309.5 L 61.5 310.5 L 49.5 310.5 L 49.5 334.5 L 61.5 334.5 L 62.5 335.5 L 62.5 347.5 L 73.5 347.5 L 73.5 297.5 z
East Piedmont 01,M 49.5 297.5 L 49.5 308.5 L 60.5 308.5 L 60.5 297.5 z
JC12,M 528.5 296.5 L 528.5 307.5 L 540.5 307.5 L 541.5 308.5 L 541.5 320.5 L 565.5 320.5 L 565.5 296.5 z
JC13B,M 515.5 296.5 L 515.5 307.5 L 526.5 307.5 L 526.5 296.5 z
SS25,M 463.5 296.5 L 463.5 320.5 L 474.5 320.5 L 474.5 308.5 L 475.5 307.5 L 487.5 307.5 L 487.5 296.5 z
SS01,M 411.5 296.5 L 411.5 308.5 L 410.5 309.5 L 398.5 309.5 L 398.5 320.5 L 448.5 320.5 L 448.5 296.5 z
Mount Bethel 01,M 244.5 284.5 L 244.5 309.5 L 243.5 310.5 L 231.5 310.5 L 231.5 321.5 L 268.5 321.5 L 268.5 309.5 L 269.5 308.5 L 281.5 308.5 L 281.5 284.5 z
Dodgen 01,M 179.5 284.5 L 179.5 308.5 L 191.5 308.5 L 192.5 309.5 L 192.5 321.5 L 203.5 321.5 L 203.5 284.5 z
Marietta 6B,M 75.5 284.5 L 75.5 295.5 L 87.5 295.5 L 88.5 296.5 L 88.5 321.5 L 112.5 321.5 L 112.5 297.5 L 100.5 297.5 L 99.5 296.5 L 99.5 284.5 z
SS20,M 346.5 283.5 L 346.5 320.5 L 357.5 320.5 L 357.5 308.5 L 358.5 307.5 L 370.5 307.5 L 370.5 296.5 L 358.5 296.5 L 357.5 295.5 L 357.5 283.5 z
SS19A,M 320.5 283.5 L 320.5 295.5 L 319.5 296.5 L 307.5 296.5 L 307.5 320.5 L 318.5 320.5 L 318.5 308.5 L 319.5 307.5 L 344.5 307.5 L 344.5 296.5 L 332.5 296.5 L 331.5 295.5 L 331.5 283.5 z
Elizabeth 05,M 114.5 271.5 L 114.5 283.5 L 113.5 284.5 L 101.5 284.5 L 101.5 295.5 L 113.5 295.5 L 114.5 296.5 L 114.5 308.5 L 125.5 308.5 L 125.5 296.5 L 126.5 295.5 L 138.5 295.5 L 138.5 271.5 z
JC11,M 515.5 270.5 L 515.5 281.5 L 527.5 281.5 L 528.5 282.5 L 528.5 294.5 L 578.5 294.5 L 578.5 283.5 L 553.5 283.5 L 552.5 282.5 L 552.5 270.5 z
JC13A,M 502.5 270.5 L 502.5 282.5 L 501.5 283.5 L 489.5 283.5 L 489.5 307.5 L 500.5 307.5 L 500.5 295.5 L 501.5 294.5 L 526.5 294.5 L 526.5 283.5 L 514.5 283.5 L 513.5 282.5 L 513.5 270.5 z
RW21,M 437.5 270.5 L 437.5 282.5 L 436.5 283.5 L 424.5 283.5 L 424.5 294.5 L 449.5 294.5 L 450.5 295.5 L 450.5 320.5 L 461.5 320.5 L 461.5 295.5 L 462.5 294.5 L 474.5 294.5 L 474.5 283.5 L 449.5 283.5 L 448.5 282.5 L 448.5 270.5 z
SS17,M 372.5 270.5 L 372.5 282.5 L 371.5 283.5 L 359.5 283.5 L 359.5 294.5 L 371.5 294.5 L 372.5 295.5 L 372.5 307.5 L 409.5 307.5 L 409.5 296.5 L 397.5 296.5 L 396.5 295.5 L 396.5 283.5 L 384.5 283.5 L 383.5 282.5 L 383.5 270.5 z
SS22,M 307.5 270.5 L 307.5 294.5 L 318.5 294.5 L 318.5 282.5 L 319.5 281.5 L 332.5 281.5 L 333.5 282.5 L 333.5 294.5 L 344.5 294.5 L 344.5 270.5 z
Timber Ridge 01,M 244.5 258.5 L 244.5 282.5 L 281.5 282.5 L 281.5 258.5 z
Roswell 02,M 218.5 258.5 L 218.5 270.5 L 217.5 271.5 L 205.5 271.5 L 205.5 295.5 L 242.5 295.5 L 242.5 258.5 z
Murdock 01,M 166.5 258.5 L 166.5 270.5 L 165.5 271.5 L 140.5 271.5 L 140.5 295.5 L 152.5 295.5 L 153.5 296.5 L 153.5 308.5 L 177.5 308.5 L 177.5 258.5 z
Elizabeth 02,M 62.5 258.5 L 62.5 270.5 L 61.5 271.5 L 49.5 271.5 L 49.5 295.5 L 73.5 295.5 L 73.5 258.5 z
JC19,M 450.5 257.5 L 450.5 281.5 L 475.5 281.5 L 476.5 282.5 L 476.5 294.5 L 487.5 294.5 L 487.5 282.5 L 488.5 281.5 L 500.5 281.5 L 500.5 270.5 L 488.5 270.5 L 487.5 269.5 L 487.5 257.5 z
RW20,M 398.5 257.5 L 398.5 269.5 L 397.5 270.5 L 385.5 270.5 L 385.5 281.5 L 397.5 281.5 L 398.5 282.5 L 398.5 294.5 L 422.5 294.5 L 422.5 270.5 L 410.5 270.5 L 409.5 269.5 L 409.5 257.5 z
SS15A,M 346.5 257.5 L 346.5 281.5 L 370.5 281.5 L 370.5 257.5 z
Chestnut Ridge 01,M 192.5 245.5 L 192.5 257.5 L 191.5 258.5 L 179.5 258.5 L 179.5 282.5 L 203.5 282.5 L 203.5 270.5 L 204.5 269.5 L 216.5 269.5 L 216.5 245.5 z
Sandy Plains 01,M 140.5 245.5 L 140.5 257.5 L 139.5 258.5 L 114.5 258.5 L 114.5 269.5 L 164.5 269.5 L 164.5 245.5 z
JC06,M 580.5 244.5 L 580.5 256.5 L 579.5 257.5 L 567.5 257.5 L 567.5 281.5 L 578.5 281.5 L 578.5 269.5 L 579.5 268.5 L 591.5 268.5 L 591.5 256.5 L 592.5 255.5 L 604.5 255.5 L 604.5 244.5 z
JC14,M 476.5 244.5 L 476.5 255.5 L 488.5 255.5 L 489.5 256.5 L 489.5 268.5 L 513.5 268.5 L 513.5 244.5 z
RW04,M 385.5 244.5 L 385.5 256.5 L 384.5 257.5 L 372.5 257.5 L 372.5 268.5 L 396.5 268.5 L 396.5 256.5 L 397.5 255.5 L 409.5 255.5 L 409.5 244.5 z
SS15B,M 346.5 244.5 L 346.5 255.5 L 383.5 255.5 L 383.5 244.5 z
RW11A,M 320.5 244.5 L 320.5 256.5 L 319.5 257.5 L 307.5 257.5 L 307.5 268.5 L 344.5 268.5 L 344.5 244.5 z
Simpson 01,M 114.5 232.5 L 114.5 243.5 L 126.5 243.5 L 127.5 244.5 L 127.5 256.5 L 138.5 256.5 L 138.5 244.5 L 139.5 243.5 L 151.5 243.5 L 151.5 232.5 z
Addison 01,M 101.5 232.5 L 101.5 282.5 L 112.5 282.5 L 112.5 257.5 L 113.5 256.5 L 125.5 256.5 L 125.5 245.5 L 113.5 245.5 L 112.5 244.5 L 112.5 232.5 z
Gritters 01,M 75.5 232.5 L 75.5 244.5 L 74.5 245.5 L 62.5 245.5 L 62.5 256.5 L 74.5 256.5 L 75.5 257.5 L 75.5 282.5 L 99.5 282.5 L 99.5 245.5 L 87.5 245.5 L 86.5 244.5 L 86.5 232.5 z
Bells Ferry 02,M 36.5 232.5 L 36.5 282.5 L 47.5 282.5 L 47.5 270.5 L 48.5 269.5 L 60.5 269.5 L 60.5 245.5 L 48.5 245.5 L 47.5 244.5 L 47.5 232.5 z
JC07,M 554.5 231.5 L 554.5 243.5 L 553.5 244.5 L 541.5 244.5 L 541.5 268.5 L 553.5 268.5 L 554.5 269.5 L 554.5 281.5 L 565.5 281.5 L 565.5 256.5 L 566.5 255.5 L 578.5 255.5 L 578.5 231.5 z
JC18,M 450.5 231.5 L 450.5 243.5 L 449.5 244.5 L 437.5 244.5 L 437.5 255.5 L 474.5 255.5 L 474.5 243.5 L 475.5 242.5 L 487.5 242.5 L 487.5 231.5 z
RW22A,M 424.5 231.5 L 424.5 243.5 L 423.5 244.5 L 411.5 244.5 L 411.5 268.5 L 423.5 268.5 L 424.5 269.5 L 424.5 281.5 L 435.5 281.5 L 435.5 269.5 L 436.5 268.5 L 448.5 268.5 L 448.5 257.5 L 436.5 257.5 L 435.5 256.5 L 435.5 231.5 z
JC01,M 619.5 218.5 L 619.5 243.5 L 618.5 244.5 L 606.5 244.5 L 606.5 255.5 L 656.5 255.5 L 656.5 243.5 L 657.5 242.5 L 669.5 242.5 L 669.5 231.5 L 644.5 231.5 L 643.5 230.5 L 643.5 218.5 z
JC02,M 593.5 218.5 L 593.5 242.5 L 617.5 242.5 L 617.5 218.5 z
JC03B,M 567.5 218.5 L 567.5 229.5 L 579.5 229.5 L 580.5 230.5 L 580.5 242.5 L 591.5 242.5 L 591.5 218.5 z
JC03A,M 554.5 218.5 L 554.5 229.5 L 565.5 229.5 L 565.5 218.5 z
JC09,M 515.5 218.5 L 515.5 268.5 L 539.5 268.5 L 539.5 244.5 L 527.5 244.5 L 526.5 243.5 L 526.5 218.5 z
RW17,M 372.5 218.5 L 372.5 230.5 L 371.5 231.5 L 359.5 231.5 L 359.5 242.5 L 396.5 242.5 L 396.5 218.5 z
Roswell 01,M 244.5 206.5 L 244.5 218.5 L 243.5 219.5 L 231.5 219.5 L 231.5 243.5 L 243.5 243.5 L 244.5 244.5 L 244.5 256.5 L 281.5 256.5 L 281.5 232.5 L 269.5 232.5 L 268.5 231.5 L 268.5 206.5 z
Hightower 01,M 205.5 206.5 L 205.5 218.5 L 204.5 219.5 L 192.5 219.5 L 192.5 230.5 L 204.5 230.5 L 205.5 231.5 L 205.5 243.5 L 217.5 243.5 L 218.5 244.5 L 218.5 256.5 L 242.5 256.5 L 242.5 245.5 L 230.5 245.5 L 229.5 244.5 L 229.5 206.5 z
Pope 01,M 179.5 206.5 L 179.5 231.5 L 178.5 232.5 L 166.5 232.5 L 166.5 256.5 L 190.5 256.5 L 190.5 244.5 L 191.5 243.5 L 203.5 243.5 L 203.5 232.5 L 191.5 232.5 L 190.5 231.5 L 190.5 206.5 z
McCleskey 01,M 88.5 206.5 L 88.5 218.5 L 87.5 219.5 L 75.5 219.5 L 75.5 230.5 L 87.5 230.5 L 88.5 231.5 L 88.5 243.5 L 99.5 243.5 L 99.5 206.5 z
Blackwell 01,M 62.5 206.5 L 62.5 218.5 L 61.5 219.5 L 49.5 219.5 L 49.5 243.5 L 73.5 243.5 L 73.5 206.5 z
Palmer 01,M 23.5 206.5 L 23.5 230.5 L 47.5 230.5 L 47.5 219.5 L 35.5 219.5 L 34.5 218.5 L 34.5 206.5 z
JC08,M 515.5 205.5 L 515.5 216.5 L 527.5 216.5 L 528.5 217.5 L 528.5 242.5 L 552.5 242.5 L 552.5 218.5 L 540.5 218.5 L 539.5 217.5 L 539.5 205.5 z
JC10,M 502.5 205.5 L 502.5 230.5 L 501.5 231.5 L 489.5 231.5 L 489.5 242.5 L 513.5 242.5 L 513.5 205.5 z
JC15,M 463.5 205.5 L 463.5 229.5 L 474.5 229.5 L 474.5 205.5 z
JC16,M 437.5 205.5 L 437.5 242.5 L 448.5 242.5 L 448.5 230.5 L 449.5 229.5 L 461.5 229.5 L 461.5 205.5 z
RW06,M 424.5 205.5 L 424.5 217.5 L 423.5 218.5 L 398.5 218.5 L 398.5 242.5 L 422.5 242.5 L 422.5 230.5 L 423.5 229.5 L 435.5 229.5 L 435.5 205.5 z
RW02,M 294.5 205.5 L 294.5 242.5 L 306.5 242.5 L 307.5 243.5 L 307.5 255.5 L 318.5 255.5 L 318.5 243.5 L 319.5 242.5 L 344.5 242.5 L 344.5 231.5 L 332.5 231.5 L 331.5 230.5 L 331.5 218.5 L 306.5 218.5 L 305.5 217.5 L 305.5 205.5 z
Lassiter 01,M 153.5 193.5 L 153.5 205.5 L 152.5 206.5 L 140.5 206.5 L 140.5 230.5 L 152.5 230.5 L 153.5 231.5 L 153.5 243.5 L 164.5 243.5 L 164.5 231.5 L 165.5 230.5 L 177.5 230.5 L 177.5 206.5 L 165.5 206.5 L 164.5 205.5 L 164.5 193.5 z
Rocky Mount 01,M 127.5 193.5 L 127.5 205.5 L 126.5 206.5 L 101.5 206.5 L 101.5 230.5 L 138.5 230.5 L 138.5 193.5 z
RW07A,M 359.5 192.5 L 359.5 203.5 L 383.5 203.5 L 383.5 192.5 z
RW03,M 346.5 192.5 L 346.5 217.5 L 345.5 218.5 L 333.5 218.5 L 333.5 229.5 L 345.5 229.5 L 346.5 230.5 L 346.5 242.5 L 357.5 242.5 L 357.5 230.5 L 358.5 229.5 L 370.5 229.5 L 370.5 217.5 L 371.5 216.5 L 383.5 216.5 L 383.5 205.5 L 358.5 205.5 L 357.5 204.5 L 357.5 192.5 z
Shallowford Falls 01,M 218.5 180.5 L 218.5 191.5 L 230.5 191.5 L 231.5 192.5 L 231.5 217.5 L 242.5 217.5 L 242.5 205.5 L 243.5 204.5 L 268.5 204.5 L 268.5 193.5 L 256.5 193.5 L 255.5 192.5 L 255.5 180.5 z
Garrison Mill 01,M 192.5 180.5 L 192.5 217.5 L 203.5 217.5 L 203.5 205.5 L 204.5 204.5 L 229.5 204.5 L 229.5 193.5 L 217.5 193.5 L 216.5 192.5 L 216.5 180.5 z
Mabry 01,M 166.5 180.5 L 166.5 204.5 L 190.5 204.5 L 190.5 180.5 z
Davis 01,M 127.5 180.5 L 127.5 191.5 L 139.5 191.5 L 140.5 192.5 L 140.5 204.5 L 151.5 204.5 L 151.5 192.5 L 152.5 191.5 L 164.5 191.5 L 164.5 180.5 z
Kell 01,M 101.5 180.5 L 101.5 204.5 L 125.5 204.5 L 125.5 180.5 z
Nicholson 01,M 75.5 180.5 L 75.5 217.5 L 86.5 217.5 L 86.5 205.5 L 87.5 204.5 L 99.5 204.5 L 99.5 180.5 z
Bells Ferry 03,M 10.5 180.5 L 10.5 191.5 L 22.5 191.5 L 23.5 192.5 L 23.5 204.5 L 35.5 204.5 L 36.5 205.5 L 36.5 217.5 L 60.5 217.5 L 60.5 205.5 L 61.5 204.5 L 73.5 204.5 L 73.5 180.5 z
JC05,M 528.5 179.5 L 528.5 203.5 L 540.5 203.5 L 541.5 204.5 L 541.5 216.5 L 552.5 216.5 L 552.5 192.5 L 540.5 192.5 L 539.5 191.5 L 539.5 179.5 z
JC04B,M 515.5 179.5 L 515.5 190.5 L 526.5 190.5 L 526.5 179.5 z
AP14,M 463.5 179.5 L 463.5 203.5 L 475.5 203.5 L 476.5 204.5 L 476.5 229.5 L 500.5 229.5 L 500.5 205.5 L 488.5 205.5 L 487.5 204.5 L 487.5 192.5 L 475.5 192.5 L 474.5 191.5 L 474.5 179.5 z
AP01C,M 424.5 179.5 L 424.5 203.5 L 461.5 203.5 L 461.5 192.5 L 449.5 192.5 L 448.5 191.5 L 448.5 179.5 z
RW13,M 398.5 179.5 L 398.5 191.5 L 397.5 192.5 L 385.5 192.5 L 385.5 216.5 L 422.5 216.5 L 422.5 179.5 z
RW07B,M 385.5 179.5 L 385.5 190.5 L 396.5 190.5 L 396.5 179.5 z
AP03,M 372.5 179.5 L 372.5 190.5 L 383.5 190.5 L 383.5 179.5 z
RW10,M 333.5 179.5 L 333.5 191.5 L 332.5 192.5 L 307.5 192.5 L 307.5 216.5 L 344.5 216.5 L 344.5 179.5 z
JC04A,M 541.5 166.5 L 541.5 190.5 L 553.5 190.5 L 554.5 191.5 L 554.5 216.5 L 604.5 216.5 L 604.5 205.5 L 579.5 205.5 L 578.5 204.5 L 578.5 192.5 L 566.5 192.5 L 565.5 191.5 L 565.5 179.5 L 553.5 179.5 L 552.5 178.5 L 552.5 166.5 z
AP09B,M 515.5 166.5 L 515.5 177.5 L 539.5 177.5 L 539.5 166.5 z
AP09A,M 463.5 166.5 L 463.5 177.5 L 475.5 177.5 L 476.5 178.5 L 476.5 190.5 L 488.5 190.5 L 489.5 191.5 L 489.5 203.5 L 526.5 203.5 L 526.5 192.5 L 514.5 192.5 L 513.5 191.5 L 513.5 179.5 L 501.5 179.5 L 500.5 178.5 L 500.5 166.5 z
AP01D,M 398.5 166.5 L 398.5 177.5 L 422.5 177.5 L 422.5 166.5 z
RW08,M 333.5 166.5 L 333.5 177.5 L 345.5 177.5 L 346.5 178.5 L 346.5 190.5 L 370.5 190.5 L 370.5 166.5 z
AP13,M 450.5 153.5 L 450.5 165.5 L 449.5 166.5 L 437.5 166.5 L 437.5 177.5 L 449.5 177.5 L 450.5 178.5 L 450.5 190.5 L 461.5 190.5 L 461.5 165.5 L 462.5 164.5 L 474.5 164.5 L 474.5 153.5 z
AP02B,M 411.5 153.5 L 411.5 164.5 L 422.5 164.5 L 422.5 153.5 z
RW05,M 385.5 153.5 L 385.5 165.5 L 384.5 166.5 L 372.5 166.5 L 372.5 177.5 L 396.5 177.5 L 396.5 165.5 L 397.5 164.5 L 409.5 164.5 L 409.5 153.5 z
RW01,M 281.5 153.5 L 281.5 177.5 L 293.5 177.5 L 294.5 178.5 L 294.5 203.5 L 305.5 203.5 L 305.5 191.5 L 306.5 190.5 L 331.5 190.5 L 331.5 166.5 L 319.5 166.5 L 318.5 165.5 L 318.5 153.5 z
AP01A,M 437.5 140.5 L 437.5 152.5 L 436.5 153.5 L 424.5 153.5 L 424.5 177.5 L 435.5 177.5 L 435.5 165.5 L 436.5 164.5 L 448.5 164.5 L 448.5 140.5 z
AP01B,M 424.5 140.5 L 424.5 151.5 L 435.5 151.5 L 435.5 140.5 z
RW16,M 372.5 140.5 L 372.5 152.5 L 371.5 153.5 L 346.5 153.5 L 346.5 164.5 L 383.5 164.5 L 383.5 140.5 z
Willeo 01,M 244.5 128.5 L 244.5 178.5 L 256.5 178.5 L 257.5 179.5 L 257.5 191.5 L 268.5 191.5 L 268.5 167.5 L 256.5 167.5 L 255.5 166.5 L 255.5 128.5 z
Post Oak 01,M 218.5 128.5 L 218.5 178.5 L 242.5 178.5 L 242.5 128.5 z
AP12C,M 411.5 127.5 L 411.5 138.5 L 448.5 138.5 L 448.5 127.5 z
AP022,M 398.5 127.5 L 398.5 139.5 L 397.5 140.5 L 385.5 140.5 L 385.5 151.5 L 422.5 151.5 L 422.5 140.5 L 410.5 140.5 L 409.5 139.5 L 409.5 127.5 z
MP01,M 268.5 127.5 L 268.5 138.5 L 279.5 138.5 L 279.5 127.5 z
AP05,M 450.5 114.5 L 450.5 151.5 L 475.5 151.5 L 476.5 152.5 L 476.5 164.5 L 501.5 164.5 L 502.5 165.5 L 502.5 177.5 L 513.5 177.5 L 513.5 165.5 L 514.5 164.5 L 526.5 164.5 L 526.5 153.5 L 488.5 153.5 L 487.5 152.5 L 487.5 140.5 L 462.5 140.5 L 461.5 139.5 L 461.5 114.5 z
AP12A,M 437.5 114.5 L 437.5 125.5 L 448.5 125.5 L 448.5 114.5 z
RW12,M 333.5 114.5 L 333.5 139.5 L 332.5 140.5 L 320.5 140.5 L 320.5 164.5 L 344.5 164.5 L 344.5 152.5 L 345.5 151.5 L 370.5 151.5 L 370.5 139.5 L 371.5 138.5 L 383.5 138.5 L 383.5 127.5 L 371.5 127.5 L 370.5 126.5 L 370.5 114.5 z
AP12B,M 450.5 101.5 L 450.5 112.5 L 461.5 112.5 L 461.5 101.5 z
AP021,M 385.5 101.5 L 385.5 113.5 L 384.5 114.5 L 372.5 114.5 L 372.5 125.5 L 384.5 125.5 L 385.5 126.5 L 385.5 138.5 L 396.5 138.5 L 396.5 126.5 L 397.5 125.5 L 409.5 125.5 L 409.5 101.5 z
AP07A,M 411.5 88.5 L 411.5 125.5 L 435.5 125.5 L 435.5 113.5 L 436.5 112.5 L 448.5 112.5 L 448.5 101.5 L 436.5 101.5 L 435.5 100.5 L 435.5 88.5 z
AP04B,M 372.5 88.5 L 372.5 99.5 L 383.5 99.5 L 383.5 88.5 z
AP04A,M 346.5 88.5 L 346.5 112.5 L 383.5 112.5 L 383.5 101.5 L 358.5 101.5 L 357.5 100.5 L 357.5 88.5 z
RW09,M 320.5 88.5 L 320.5 113.5 L 319.5 114.5 L 281.5 114.5 L 281.5 151.5 L 318.5 151.5 L 318.5 139.5 L 319.5 138.5 L 331.5 138.5 L 331.5 88.5 z
ML06A,M 450.5 75.5 L 450.5 87.5 L 449.5 88.5 L 437.5 88.5 L 437.5 99.5 L 461.5 99.5 L 461.5 75.5 z
ML05A,M 424.5 75.5 L 424.5 86.5 L 435.5 86.5 L 435.5 75.5 z
ML04C,M 411.5 75.5 L 411.5 86.5 L 422.5 86.5 L 422.5 75.5 z
AP10,M 398.5 75.5 L 398.5 99.5 L 409.5 99.5 L 409.5 75.5 z
AP06,M 372.5 62.5 L 372.5 86.5 L 384.5 86.5 L 385.5 87.5 L 385.5 99.5 L 396.5 99.5 L 396.5 75.5 L 384.5 75.5 L 383.5 74.5 L 383.5 62.5 z
ML011,M 346.5 62.5 L 346.5 86.5 L 358.5 86.5 L 359.5 87.5 L 359.5 99.5 L 370.5 99.5 L 370.5 62.5 z
ML012,M 333.5 62.5 L 333.5 73.5 L 344.5 73.5 L 344.5 62.5 z
RW19,M 320.5 62.5 L 320.5 86.5 L 332.5 86.5 L 333.5 87.5 L 333.5 112.5 L 344.5 112.5 L 344.5 75.5 L 332.5 75.5 L 331.5 74.5 L 331.5 62.5 z
ML06B,M 437.5 49.5 L 437.5 86.5 L 448.5 86.5 L 448.5 74.5 L 449.5 73.5 L 461.5 73.5 L 461.5 49.5 z
ML04A,M 385.5 49.5 L 385.5 73.5 L 409.5 73.5 L 409.5 49.5 z
ML024,M 372.5 49.5 L 372.5 60.5 L 383.5 60.5 L 383.5 49.5 z
ML023,M 333.5 49.5 L 333.5 60.5 L 370.5 60.5 L 370.5 49.5 z
ML01B,M 320.5 49.5 L 320.5 60.5 L 331.5 60.5 L 331.5 49.5 z
AP07B,M 411.5 36.5 L 411.5 73.5 L 422.5 73.5 L 422.5 36.5 z
ML022,M 359.5 36.5 L 359.5 47.5 L 370.5 47.5 L 370.5 36.5 z
ML05C,M 424.5 23.5 L 424.5 73.5 L 435.5 73.5 L 435.5 48.5 L 436.5 47.5 L 461.5 47.5 L 461.5 23.5 z
ML04B,M 398.5 23.5 L 398.5 47.5 L 409.5 47.5 L 409.5 35.5 L 410.5 34.5 L 422.5 34.5 L 422.5 23.5 z
ML021,M 346.5 23.5 L 346.5 35.5 L 345.5 36.5 L 320.5 36.5 L 320.5 47.5 L 357.5 47.5 L 357.5 23.5 z
ML071,M 450.5 10.5 L 450.5 21.5 L 461.5 21.5 L 461.5 10.5 z
ML072,M 424.5 10.5 L 424.5 21.5 L 448.5 21.5 L 448.5 10.5 z
ML05B,M 411.5 10.5 L 411.5 21.5 L 422.5 21.5 L 422.5 10.5 z
ML07A,M 398.5 10.5 L 398.5 21.5 L 409.5 21.5 L 409.5 10.5 z
ML03,M 359.5 10.5 L 359.5 34.5 L 371.5 34.5 L 372.5 35.5 L 372.5 47.5 L 396.5 47.5 L 396.5 10.5 z
